age,height,weight,goal,diet
46,175,62,Gain Muscle,High Fiber
33,182,106,Lose Weight,Moderate Protein
26,177,97,Stay Fit,Keto
22,175,97,Lose Weight,Moderate Protein
32,170,81,Lose Weight,Vegan
45,173,62,Stay Fit,Moderate Protein
20,170,75,Gain Muscle,Balanced
57,199,63,Gain Muscle,High Fiber
52,155,83,Stay Fit,Moderate Protein
51,175,120,Stay Fit,High Protein
58,174,103,Lose Weight,Moderate Protein
42,182,111,Gain Muscle,Vegan
31,150,107,Lose Weight,High Protein
21,193,115,Gain Muscle,High Fiber
56,184,115,Gain Muscle,High Fiber
57,186,50,Lose Weight,Balanced
42,197,46,Gain Muscle,Vegan
42,194,90,Stay Fit,Vegan
34,164,86,Gain Muscle,High Carb
34,181,73,Gain Muscle,Balanced
25,194,59,Gain Muscle,High Fiber
42,171,71,Gain Muscle,Low Carb
22,169,91,Gain Muscle,High Carb
18,154,88,Gain Muscle,Keto
53,177,97,Stay Fit,High Protein
55,152,63,Stay Fit,Keto
23,187,60,Stay Fit,Keto
33,182,113,Lose Weight,Vegan
39,164,96,Lose Weight,High Fiber
47,175,55,Gain Muscle,Low Carb
31,165,47,Stay Fit,Balanced
49,170,51,Lose Weight,Vegan
41,167,80,Gain Muscle,High Carb
18,178,75,Gain Muscle,Balanced
39,199,67,Stay Fit,High Protein
60,171,74,Lose Weight,Keto
28,171,63,Lose Weight,Low Carb
23,154,87,Stay Fit,Moderate Protein
45,181,119,Gain Muscle,High Fiber
36,153,114,Gain Muscle,High Carb
44,199,68,Gain Muscle,High Carb
49,160,70,Lose Weight,Moderate Protein
35,192,61,Gain Muscle,Balanced
45,181,56,Gain Muscle,Moderate Protein
33,190,86,Gain Muscle,High Fiber
34,168,75,Gain Muscle,Low Carb
58,190,58,Gain Muscle,High Carb
45,160,67,Gain Muscle,High Protein
26,176,75,Gain Muscle,Vegan
32,155,109,Stay Fit,Keto
36,193,61,Lose Weight,Low Carb
38,187,69,Gain Muscle,Moderate Protein
31,161,105,Stay Fit,High Fiber
44,151,120,Gain Muscle,Balanced
26,152,51,Gain Muscle,Moderate Protein
19,173,110,Lose Weight,Vegan
36,170,106,Lose Weight,Vegan
18,192,119,Gain Muscle,Balanced
60,178,100,Gain Muscle,Vegan
48,200,86,Lose Weight,Vegan
40,191,74,Stay Fit,High Fiber
52,183,56,Lose Weight,Keto
41,198,119,Lose Weight,Vegan
26,180,111,Lose Weight,High Protein
43,158,50,Stay Fit,Moderate Protein
59,182,94,Gain Muscle,Balanced
55,176,116,Stay Fit,High Protein
45,186,45,Stay Fit,High Fiber
57,171,70,Lose Weight,Moderate Protein
58,181,101,Lose Weight,High Fiber
46,175,75,Gain Muscle,High Fiber
49,166,108,Gain Muscle,High Protein
33,194,95,Gain Muscle,Low Carb
24,168,117,Stay Fit,Vegan
38,157,90,Lose Weight,High Fiber
20,155,90,Lose Weight,High Carb
49,182,66,Lose Weight,Keto
52,182,79,Stay Fit,Vegan
26,166,50,Stay Fit,High Protein
23,193,69,Lose Weight,Keto
33,196,56,Gain Muscle,High Protein
36,181,64,Stay Fit,Balanced
49,157,56,Stay Fit,Low Carb
24,185,99,Lose Weight,Low Carb
47,161,81,Stay Fit,Keto
36,150,107,Stay Fit,High Protein
57,197,117,Stay Fit,High Carb
19,181,64,Lose Weight,Moderate Protein
55,162,68,Stay Fit,High Carb
46,167,49,Stay Fit,Low Carb
34,152,49,Stay Fit,Balanced
24,178,112,Gain Muscle,High Fiber
19,185,109,Gain Muscle,Balanced
44,188,79,Gain Muscle,High Carb
19,167,98,Lose Weight,Keto
52,200,81,Lose Weight,Low Carb
56,190,84,Stay Fit,Keto
45,182,117,Gain Muscle,Vegan
33,183,76,Gain Muscle,Balanced
49,183,103,Stay Fit,High Protein
33,199,63,Stay Fit,High Protein
39,159,64,Stay Fit,Vegan
33,189,83,Lose Weight,Balanced
54,180,78,Stay Fit,High Carb
53,172,48,Stay Fit,High Carb
42,152,73,Stay Fit,High Carb
46,161,114,Gain Muscle,High Protein
47,177,119,Stay Fit,High Carb
57,165,103,Lose Weight,Moderate Protein
27,168,93,Gain Muscle,High Fiber
24,161,78,Stay Fit,Keto
39,152,99,Lose Weight,Balanced
59,152,60,Gain Muscle,High Carb
55,172,50,Lose Weight,Low Carb
23,151,68,Lose Weight,Moderate Protein
59,176,120,Stay Fit,Low Carb
49,198,45,Stay Fit,High Carb
24,191,104,Lose Weight,Keto
32,174,109,Stay Fit,High Carb
45,178,56,Gain Muscle,Moderate Protein
58,180,85,Stay Fit,High Protein
40,192,55,Stay Fit,Balanced
58,186,70,Lose Weight,Moderate Protein
20,190,84,Lose Weight,Moderate Protein
57,150,76,Gain Muscle,Vegan
58,173,91,Lose Weight,High Fiber
29,197,102,Gain Muscle,Moderate Protein
28,182,69,Gain Muscle,High Protein
53,178,108,Lose Weight,Balanced
58,180,93,Lose Weight,Low Carb
43,197,70,Lose Weight,Vegan
47,153,111,Lose Weight,Balanced
26,157,80,Lose Weight,High Protein
43,195,94,Lose Weight,High Fiber
33,169,87,Stay Fit,Keto
44,159,82,Stay Fit,High Protein
49,161,98,Stay Fit,Vegan
57,181,116,Gain Muscle,Moderate Protein
56,189,68,Stay Fit,Balanced
51,168,65,Gain Muscle,Moderate Protein
57,181,94,Lose Weight,Low Carb
39,164,49,Gain Muscle,High Protein
32,150,115,Stay Fit,Balanced
19,186,119,Gain Muscle,Vegan
53,151,90,Stay Fit,Vegan
21,177,71,Gain Muscle,Vegan
40,172,108,Stay Fit,High Carb
32,169,60,Gain Muscle,High Protein
20,186,51,Lose Weight,High Fiber
34,182,51,Gain Muscle,Low Carb
38,195,49,Gain Muscle,Balanced
38,182,82,Gain Muscle,Balanced
47,169,120,Lose Weight,Low Carb
41,162,48,Stay Fit,Moderate Protein
58,174,64,Gain Muscle,Balanced
41,187,53,Gain Muscle,Moderate Protein
60,166,111,Lose Weight,Balanced
33,183,79,Lose Weight,High Carb
31,193,63,Stay Fit,Keto
48,151,115,Stay Fit,High Carb
53,157,75,Lose Weight,High Protein
21,187,56,Gain Muscle,Moderate Protein
29,176,118,Stay Fit,Moderate Protein
32,167,89,Lose Weight,High Carb
40,179,57,Lose Weight,Vegan
47,151,113,Lose Weight,Low Carb
55,198,73,Stay Fit,Vegan
52,189,113,Lose Weight,Vegan
58,151,103,Lose Weight,Vegan
56,158,59,Stay Fit,Vegan
28,176,116,Lose Weight,Keto
50,186,59,Gain Muscle,Low Carb
37,155,53,Stay Fit,High Protein
56,191,58,Gain Muscle,Moderate Protein
58,181,77,Gain Muscle,High Carb
49,165,52,Gain Muscle,High Fiber
26,165,55,Stay Fit,Balanced
57,153,110,Gain Muscle,High Fiber
32,183,101,Lose Weight,Keto
18,177,53,Gain Muscle,High Protein
29,165,69,Lose Weight,Balanced
38,194,105,Lose Weight,Balanced
31,185,46,Lose Weight,Vegan
54,179,116,Stay Fit,High Fiber
59,174,111,Stay Fit,Balanced
40,160,69,Gain Muscle,Moderate Protein
28,166,106,Gain Muscle,High Carb
52,183,57,Stay Fit,Vegan
39,169,83,Stay Fit,Balanced
35,194,80,Gain Muscle,High Protein
31,157,51,Stay Fit,High Carb
51,176,99,Lose Weight,High Protein
43,181,53,Stay Fit,Moderate Protein
36,191,67,Gain Muscle,High Carb
32,181,82,Gain Muscle,High Fiber
32,163,104,Gain Muscle,Keto
50,198,60,Stay Fit,Vegan
54,173,105,Stay Fit,Vegan
56,169,50,Lose Weight,High Protein
26,198,109,Stay Fit,High Protein
55,191,70,Gain Muscle,Vegan
29,178,104,Lose Weight,High Fiber
31,196,79,Gain Muscle,High Protein
33,168,118,Stay Fit,Low Carb
46,177,93,Lose Weight,Keto
48,175,66,Lose Weight,Vegan
23,174,45,Stay Fit,High Protein
58,195,50,Gain Muscle,Moderate Protein
46,157,87,Lose Weight,High Protein
54,158,103,Lose Weight,Balanced
23,174,86,Stay Fit,Low Carb
18,184,89,Stay Fit,High Carb
49,156,50,Lose Weight,Keto
28,200,85,Stay Fit,Moderate Protein
25,198,92,Gain Muscle,Moderate Protein
49,159,109,Stay Fit,High Carb
41,165,110,Stay Fit,Low Carb
51,164,76,Stay Fit,High Protein
48,187,77,Gain Muscle,Keto
20,176,72,Stay Fit,Vegan
34,189,100,Lose Weight,High Protein
37,186,65,Lose Weight,High Fiber
24,189,84,Stay Fit,Balanced
47,164,69,Lose Weight,Keto
27,183,100,Lose Weight,Low Carb
56,173,77,Lose Weight,High Fiber
47,161,61,Stay Fit,Moderate Protein
57,160,68,Lose Weight,Low Carb
52,166,90,Stay Fit,High Fiber
26,189,67,Lose Weight,Keto
54,177,54,Gain Muscle,High Carb
37,156,110,Gain Muscle,High Carb
23,172,51,Stay Fit,Low Carb
41,171,116,Lose Weight,Keto
43,154,115,Lose Weight,Balanced
49,159,52,Stay Fit,Vegan
51,157,107,Lose Weight,Moderate Protein
56,156,46,Gain Muscle,High Protein
18,200,88,Gain Muscle,Vegan
26,199,53,Lose Weight,Low Carb
59,174,112,Lose Weight,High Protein
37,197,103,Gain Muscle,High Carb
41,196,81,Gain Muscle,High Carb
33,185,98,Gain Muscle,High Carb
40,156,59,Gain Muscle,Low Carb
18,152,119,Lose Weight,Low Carb
34,166,46,Lose Weight,Keto
36,185,47,Stay Fit,High Fiber
42,179,111,Gain Muscle,Low Carb
53,177,77,Gain Muscle,Keto
33,183,118,Gain Muscle,Keto
48,196,64,Lose Weight,High Carb
26,152,103,Stay Fit,Moderate Protein
30,152,103,Stay Fit,Keto
55,154,92,Gain Muscle,High Carb
34,162,73,Stay Fit,Balanced
57,168,70,Gain Muscle,Keto
54,170,91,Stay Fit,Moderate Protein
29,169,57,Stay Fit,High Fiber
50,159,110,Gain Muscle,Balanced
23,177,60,Gain Muscle,Balanced
53,157,106,Lose Weight,Balanced
20,180,71,Gain Muscle,Moderate Protein
37,185,80,Lose Weight,Moderate Protein
25,175,45,Lose Weight,Low Carb
49,188,49,Lose Weight,Balanced
49,183,73,Gain Muscle,Low Carb
25,168,71,Lose Weight,Low Carb
40,199,70,Stay Fit,High Carb
30,190,75,Lose Weight,Low Carb
53,181,48,Lose Weight,High Protein
43,175,62,Lose Weight,Vegan
25,188,107,Lose Weight,High Fiber
20,194,45,Gain Muscle,Low Carb
41,154,96,Lose Weight,High Carb
18,177,75,Lose Weight,Moderate Protein
30,179,94,Lose Weight,Low Carb
40,153,115,Gain Muscle,Keto
47,195,60,Stay Fit,Keto
55,196,116,Stay Fit,Low Carb
25,199,111,Gain Muscle,Low Carb
27,194,82,Stay Fit,High Carb
58,199,93,Lose Weight,Moderate Protein
33,196,83,Gain Muscle,Keto
46,156,59,Gain Muscle,High Fiber
58,198,69,Lose Weight,Vegan
55,190,100,Stay Fit,High Fiber
58,196,59,Stay Fit,Low Carb
18,197,53,Stay Fit,High Carb
54,187,77,Gain Muscle,Vegan
40,166,73,Stay Fit,Low Carb
28,164,95,Stay Fit,Low Carb
58,200,48,Lose Weight,Low Carb
57,165,90,Stay Fit,High Protein
59,197,68,Gain Muscle,High Protein
59,163,46,Gain Muscle,Balanced
36,189,52,Lose Weight,Balanced
19,173,103,Stay Fit,High Protein
43,190,107,Stay Fit,Low Carb
20,176,93,Gain Muscle,High Fiber
26,190,79,Stay Fit,Low Carb
39,154,117,Gain Muscle,High Fiber
43,163,68,Stay Fit,Low Carb
59,180,93,Lose Weight,High Protein
32,176,97,Gain Muscle,Vegan
41,164,103,Lose Weight,Keto
33,164,105,Stay Fit,High Fiber
56,200,70,Gain Muscle,High Protein
49,162,87,Stay Fit,Keto
51,160,68,Lose Weight,High Carb
45,161,110,Lose Weight,Keto
20,197,60,Gain Muscle,High Fiber
51,160,78,Stay Fit,High Protein
38,194,84,Lose Weight,Moderate Protein
34,177,68,Lose Weight,Balanced
38,185,69,Stay Fit,Vegan
21,158,120,Lose Weight,High Carb
19,155,90,Gain Muscle,Low Carb
32,192,65,Lose Weight,Low Carb
29,172,58,Gain Muscle,Moderate Protein
34,159,84,Gain Muscle,Vegan
44,179,52,Lose Weight,Moderate Protein
23,178,57,Gain Muscle,Low Carb
51,178,114,Lose Weight,Vegan
48,188,102,Stay Fit,High Carb
33,172,50,Gain Muscle,Vegan
23,166,73,Stay Fit,Vegan
44,173,85,Gain Muscle,High Carb
48,164,118,Stay Fit,Balanced
43,176,87,Stay Fit,Vegan
26,179,117,Lose Weight,Moderate Protein
22,183,96,Gain Muscle,High Carb
42,169,54,Gain Muscle,Keto
28,154,68,Stay Fit,Keto
34,173,50,Stay Fit,Low Carb
39,178,92,Gain Muscle,Moderate Protein
35,171,98,Stay Fit,Keto
55,158,90,Lose Weight,High Fiber
51,179,81,Stay Fit,Balanced
37,186,67,Lose Weight,Moderate Protein
37,170,56,Gain Muscle,High Carb
51,195,48,Stay Fit,High Protein
39,161,83,Lose Weight,High Carb
60,181,109,Gain Muscle,Keto
22,196,84,Stay Fit,Moderate Protein
43,160,57,Stay Fit,High Fiber
52,184,82,Stay Fit,Balanced
21,198,99,Gain Muscle,Moderate Protein
24,188,55,Stay Fit,High Fiber
44,162,90,Lose Weight,High Carb
34,182,103,Lose Weight,Balanced
60,176,59,Stay Fit,Keto
31,200,108,Stay Fit,Balanced
36,186,81,Lose Weight,Low Carb
53,174,115,Lose Weight,Vegan
22,164,73,Lose Weight,High Carb
31,167,120,Stay Fit,Keto
25,174,55,Stay Fit,High Carb
37,155,66,Stay Fit,High Carb
48,182,65,Lose Weight,High Carb
28,168,117,Lose Weight,High Fiber
60,187,92,Stay Fit,High Protein
26,187,79,Lose Weight,Vegan
44,152,87,Stay Fit,High Carb
59,172,106,Gain Muscle,Balanced
31,163,57,Gain Muscle,Keto
39,200,108,Lose Weight,High Protein
51,194,115,Lose Weight,Keto
58,184,98,Lose Weight,High Fiber
36,189,54,Stay Fit,High Carb
45,177,70,Gain Muscle,High Protein
53,153,111,Lose Weight,Vegan
20,194,118,Lose Weight,Low Carb
46,170,78,Lose Weight,Low Carb
31,189,54,Stay Fit,Balanced
32,188,59,Lose Weight,High Carb
27,195,68,Stay Fit,Vegan
33,165,88,Lose Weight,Vegan
55,169,106,Gain Muscle,Low Carb
37,190,61,Lose Weight,Low Carb
25,176,61,Gain Muscle,Keto
52,180,81,Lose Weight,High Fiber
54,188,101,Lose Weight,High Protein
48,172,50,Stay Fit,Balanced
20,187,76,Stay Fit,High Protein
59,196,93,Stay Fit,High Fiber
21,166,105,Gain Muscle,Moderate Protein
59,161,97,Gain Muscle,High Protein
24,192,106,Gain Muscle,High Fiber
41,180,119,Gain Muscle,Low Carb
20,199,72,Gain Muscle,High Carb
40,176,99,Lose Weight,High Fiber
19,164,71,Gain Muscle,Vegan
29,183,66,Lose Weight,High Carb
50,175,83,Stay Fit,High Carb
44,166,56,Stay Fit,High Fiber
55,194,120,Stay Fit,High Protein
40,184,110,Gain Muscle,Keto
27,168,115,Gain Muscle,Low Carb
55,176,100,Stay Fit,Moderate Protein
18,193,87,Gain Muscle,Keto
47,190,83,Stay Fit,High Protein
46,187,70,Stay Fit,High Protein
59,197,88,Lose Weight,Vegan
47,187,78,Gain Muscle,High Carb
34,191,103,Stay Fit,High Protein
54,156,53,Gain Muscle,Keto
44,152,71,Gain Muscle,Moderate Protein
56,176,69,Lose Weight,Vegan
40,182,83,Stay Fit,Keto
41,167,55,Stay Fit,High Protein
59,174,46,Gain Muscle,Vegan
35,187,54,Gain Muscle,Moderate Protein
57,190,72,Gain Muscle,Keto
55,196,102,Stay Fit,High Protein
23,156,116,Gain Muscle,Moderate Protein
54,176,53,Gain Muscle,High Carb
39,150,66,Lose Weight,High Fiber
41,150,98,Stay Fit,High Protein
38,155,58,Gain Muscle,High Protein
29,193,76,Gain Muscle,High Protein
41,162,102,Lose Weight,Vegan
24,186,114,Gain Muscle,Moderate Protein
31,152,91,Stay Fit,Low Carb
35,168,111,Gain Muscle,High Carb
60,162,86,Lose Weight,Vegan
37,186,86,Lose Weight,Keto
29,170,68,Gain Muscle,Low Carb
41,166,63,Gain Muscle,Moderate Protein
32,167,54,Stay Fit,Moderate Protein
23,152,93,Lose Weight,High Carb
45,153,95,Lose Weight,Keto
46,188,47,Lose Weight,High Carb
52,184,63,Gain Muscle,High Fiber
58,193,49,Lose Weight,High Carb
51,168,104,Lose Weight,Moderate Protein
49,154,90,Stay Fit,High Fiber
57,172,70,Gain Muscle,High Carb
45,187,53,Stay Fit,Vegan
56,176,97,Stay Fit,Balanced
33,178,90,Stay Fit,High Protein
19,188,117,Lose Weight,High Protein
47,166,65,Gain Muscle,High Fiber
52,172,105,Lose Weight,High Carb
27,190,81,Gain Muscle,High Carb
39,183,75,Lose Weight,Keto
20,177,118,Stay Fit,High Carb
43,159,103,Lose Weight,High Carb
20,151,104,Gain Muscle,High Fiber
37,157,79,Gain Muscle,Balanced
58,156,80,Lose Weight,High Carb
23,195,77,Gain Muscle,Vegan
18,166,68,Stay Fit,Moderate Protein
40,196,74,Lose Weight,Moderate Protein
31,170,48,Stay Fit,High Protein
44,152,108,Gain Muscle,Low Carb
29,180,98,Gain Muscle,Low Carb
57,168,77,Stay Fit,Vegan
60,181,74,Stay Fit,Keto
36,195,69,Lose Weight,Moderate Protein
42,190,99,Gain Muscle,Moderate Protein
33,175,95,Stay Fit,Vegan
23,172,89,Stay Fit,High Carb
51,166,75,Stay Fit,Moderate Protein
56,151,117,Stay Fit,Moderate Protein
35,165,106,Lose Weight,Low Carb
33,196,91,Stay Fit,Vegan
36,193,71,Gain Muscle,Keto
18,196,65,Stay Fit,Keto
19,159,49,Stay Fit,Keto
50,194,50,Stay Fit,Vegan
28,158,45,Stay Fit,Keto
25,177,51,Gain Muscle,High Protein
42,172,60,Gain Muscle,Low Carb
49,199,98,Gain Muscle,High Fiber
36,191,88,Lose Weight,Balanced
45,162,107,Gain Muscle,Balanced
23,184,117,Gain Muscle,High Protein
45,163,52,Stay Fit,Keto
33,167,106,Gain Muscle,High Fiber
36,164,80,Stay Fit,High Carb
35,175,66,Gain Muscle,High Protein
36,166,116,Gain Muscle,High Fiber
30,175,46,Gain Muscle,High Protein
40,173,85,Gain Muscle,Low Carb
38,164,84,Gain Muscle,Moderate Protein
32,151,110,Gain Muscle,High Protein
41,184,118,Lose Weight,High Protein
60,170,95,Stay Fit,Moderate Protein
23,174,82,Lose Weight,Vegan
52,172,80,Stay Fit,Vegan
24,182,89,Stay Fit,High Protein
28,186,76,Gain Muscle,High Fiber
44,168,119,Stay Fit,High Carb
30,173,81,Gain Muscle,Moderate Protein
22,170,116,Stay Fit,High Fiber
39,190,68,Gain Muscle,Balanced
43,177,118,Lose Weight,Balanced
35,159,94,Lose Weight,Keto
54,194,73,Lose Weight,Vegan
55,174,60,Lose Weight,High Fiber
22,170,66,Gain Muscle,High Protein
38,181,53,Gain Muscle,Moderate Protein
24,180,108,Stay Fit,High Carb
36,150,83,Gain Muscle,Balanced
41,181,76,Stay Fit,High Protein
42,157,79,Lose Weight,Balanced
49,170,116,Stay Fit,Moderate Protein
53,179,72,Stay Fit,Keto
40,172,117,Lose Weight,Low Carb
50,174,69,Gain Muscle,Low Carb
21,190,67,Lose Weight,High Protein
42,175,111,Lose Weight,Balanced
26,182,76,Lose Weight,Keto
20,194,71,Gain Muscle,Keto
18,150,59,Gain Muscle,High Protein
42,181,80,Gain Muscle,Low Carb
33,185,75,Stay Fit,High Protein
56,196,62,Stay Fit,High Carb
33,197,73,Lose Weight,High Fiber
29,178,63,Stay Fit,Balanced
46,198,59,Lose Weight,Moderate Protein
43,174,55,Stay Fit,Balanced
38,166,116,Gain Muscle,High Fiber
53,186,68,Lose Weight,High Carb
44,190,118,Lose Weight,High Protein
28,163,49,Lose Weight,High Fiber
44,198,111,Stay Fit,Balanced
25,171,70,Stay Fit,High Fiber
43,161,100,Stay Fit,High Carb
57,196,81,Stay Fit,Balanced
26,169,97,Stay Fit,Moderate Protein
25,186,56,Lose Weight,Low Carb
38,179,110,Lose Weight,Keto
25,154,89,Stay Fit,Vegan
29,173,117,Gain Muscle,High Fiber
20,162,84,Gain Muscle,Moderate Protein
45,195,47,Gain Muscle,Keto
26,179,64,Gain Muscle,Moderate Protein
45,193,65,Lose Weight,High Fiber
51,175,90,Stay Fit,Moderate Protein
60,166,53,Lose Weight,High Carb
27,155,68,Lose Weight,Low Carb
53,199,104,Stay Fit,Balanced
21,180,83,Lose Weight,Moderate Protein
24,168,91,Lose Weight,High Protein
59,156,92,Stay Fit,Low Carb
36,173,111,Stay Fit,Keto
21,165,65,Lose Weight,High Fiber
58,182,81,Stay Fit,Low Carb
24,199,93,Gain Muscle,Vegan
42,198,114,Lose Weight,Balanced
38,176,82,Gain Muscle,Keto
37,162,94,Gain Muscle,High Protein
45,173,119,Stay Fit,Vegan
33,151,111,Gain Muscle,High Fiber
59,184,49,Stay Fit,Low Carb
50,187,114,Stay Fit,Moderate Protein
21,170,105,Stay Fit,Vegan
44,193,119,Lose Weight,High Protein
58,188,51,Gain Muscle,High Fiber
53,197,84,Stay Fit,Vegan
25,177,55,Gain Muscle,Vegan
55,178,119,Gain Muscle,Low Carb
33,191,105,Gain Muscle,High Carb
53,186,102,Lose Weight,High Protein
58,200,96,Gain Muscle,High Protein
37,189,85,Gain Muscle,Low Carb
52,176,74,Stay Fit,Balanced
21,170,77,Gain Muscle,High Carb
46,157,102,Stay Fit,Low Carb
46,194,109,Gain Muscle,High Protein
37,179,76,Gain Muscle,Balanced
58,188,68,Lose Weight,Vegan
42,190,46,Stay Fit,Moderate Protein
36,177,65,Lose Weight,High Carb
26,175,81,Lose Weight,Moderate Protein
45,161,94,Lose Weight,Balanced
52,151,99,Stay Fit,High Carb
53,184,116,Gain Muscle,Low Carb
34,200,108,Lose Weight,Vegan
24,159,115,Stay Fit,Vegan
34,151,62,Gain Muscle,Vegan
54,166,72,Gain Muscle,High Protein
54,191,45,Gain Muscle,Balanced
25,168,59,Lose Weight,High Protein
46,161,92,Stay Fit,Low Carb
24,175,75,Gain Muscle,High Fiber
49,154,113,Gain Muscle,Moderate Protein
21,185,45,Gain Muscle,Balanced
22,168,97,Lose Weight,Moderate Protein
21,175,83,Gain Muscle,High Fiber
20,159,114,Stay Fit,Keto
53,180,88,Lose Weight,Balanced
35,193,107,Stay Fit,Vegan
41,159,58,Lose Weight,Keto
32,175,73,Stay Fit,Balanced
24,193,65,Lose Weight,High Fiber
56,157,47,Stay Fit,Moderate Protein
30,178,107,Stay Fit,High Carb
58,182,67,Lose Weight,Moderate Protein
51,169,87,Lose Weight,High Protein
28,163,86,Lose Weight,High Fiber
34,169,112,Stay Fit,High Fiber
43,152,74,Gain Muscle,Moderate Protein
57,160,73,Lose Weight,High Fiber
54,152,81,Gain Muscle,Vegan
44,151,80,Lose Weight,Vegan
31,193,99,Lose Weight,Vegan
19,189,100,Lose Weight,High Protein
18,169,49,Stay Fit,Keto
30,156,50,Gain Muscle,High Carb
40,159,114,Lose Weight,High Protein
29,163,53,Gain Muscle,Vegan
40,166,68,Stay Fit,High Carb
54,196,54,Gain Muscle,Balanced
44,178,74,Lose Weight,Moderate Protein
45,152,88,Lose Weight,Vegan
60,165,84,Stay Fit,High Carb
24,167,88,Gain Muscle,High Protein
48,198,87,Gain Muscle,Keto
52,158,93,Stay Fit,High Fiber
36,152,48,Stay Fit,Vegan
18,198,77,Gain Muscle,High Carb
60,152,106,Stay Fit,Vegan
30,178,96,Lose Weight,Vegan
21,179,98,Gain Muscle,Keto
30,173,82,Gain Muscle,Moderate Protein
34,191,117,Stay Fit,Keto
29,157,62,Lose Weight,Vegan
49,153,114,Gain Muscle,High Carb
47,152,117,Lose Weight,High Fiber
44,151,91,Gain Muscle,Balanced
55,163,107,Gain Muscle,Low Carb
53,196,58,Gain Muscle,Keto
29,160,77,Gain Muscle,Keto
50,150,103,Lose Weight,High Protein
49,164,116,Stay Fit,High Carb
48,189,72,Lose Weight,High Protein
38,190,63,Gain Muscle,High Carb
19,160,70,Stay Fit,Low Carb
51,167,50,Stay Fit,Low Carb
28,176,62,Lose Weight,Moderate Protein
22,152,81,Gain Muscle,Low Carb
30,198,60,Gain Muscle,Moderate Protein
27,160,65,Stay Fit,Keto
23,162,78,Stay Fit,High Carb
43,193,85,Stay Fit,Keto
31,175,65,Lose Weight,Keto
32,170,107,Stay Fit,High Fiber
30,163,107,Gain Muscle,High Fiber
52,195,69,Stay Fit,Balanced
28,150,94,Stay Fit,High Carb
32,186,106,Gain Muscle,High Fiber
55,192,67,Stay Fit,High Fiber
31,181,100,Stay Fit,Vegan
51,175,57,Gain Muscle,Moderate Protein
26,184,79,Lose Weight,High Carb
28,184,59,Gain Muscle,High Protein
46,200,70,Gain Muscle,Balanced
26,176,116,Lose Weight,High Fiber
59,198,46,Gain Muscle,Balanced
37,198,94,Lose Weight,Moderate Protein
33,200,115,Gain Muscle,Keto
37,151,79,Stay Fit,Low Carb
30,164,102,Lose Weight,High Fiber
28,164,108,Stay Fit,Balanced
57,189,81,Lose Weight,High Protein
55,171,103,Gain Muscle,High Protein
37,168,63,Gain Muscle,High Carb
19,184,70,Stay Fit,Balanced
22,187,102,Stay Fit,High Protein
50,196,82,Stay Fit,Keto
28,168,93,Lose Weight,Moderate Protein
32,165,95,Gain Muscle,Moderate Protein
52,165,59,Lose Weight,Keto
23,178,93,Gain Muscle,Low Carb
20,168,96,Gain Muscle,High Carb
33,158,57,Stay Fit,Keto
26,199,49,Lose Weight,Balanced
53,151,106,Lose Weight,High Carb
18,159,105,Gain Muscle,High Fiber
35,189,48,Stay Fit,Low Carb
22,154,71,Lose Weight,Low Carb
34,160,71,Stay Fit,High Carb
42,187,52,Stay Fit,Vegan
30,165,63,Gain Muscle,Balanced
60,173,70,Lose Weight,Moderate Protein
28,168,56,Lose Weight,High Carb
20,183,55,Gain Muscle,High Carb
43,186,110,Stay Fit,Vegan
46,168,85,Lose Weight,Low Carb
22,171,77,Stay Fit,Moderate Protein
46,153,109,Lose Weight,High Protein
31,186,106,Gain Muscle,Low Carb
52,188,66,Gain Muscle,Balanced
50,161,61,Lose Weight,High Carb
24,168,108,Lose Weight,Vegan
37,172,98,Stay Fit,Keto
37,162,78,Gain Muscle,High Fiber
21,155,61,Lose Weight,Vegan
28,160,113,Gain Muscle,Low Carb
39,151,103,Lose Weight,Moderate Protein
24,162,95,Stay Fit,High Protein
18,197,55,Stay Fit,High Carb
28,156,102,Stay Fit,High Protein
27,177,56,Gain Muscle,Vegan
49,183,110,Lose Weight,Balanced
55,168,61,Stay Fit,High Fiber
39,151,76,Gain Muscle,Moderate Protein
52,176,117,Lose Weight,High Carb
43,181,64,Lose Weight,Vegan
21,185,113,Lose Weight,Balanced
26,155,105,Stay Fit,Vegan
27,173,115,Lose Weight,High Carb
37,155,82,Stay Fit,Moderate Protein
20,199,98,Gain Muscle,Moderate Protein
35,169,71,Stay Fit,High Carb
25,154,97,Stay Fit,Keto
50,195,97,Lose Weight,Keto
57,190,90,Stay Fit,Vegan
22,183,120,Stay Fit,Moderate Protein
53,183,64,Gain Muscle,High Fiber
35,164,115,Stay Fit,Low Carb
36,168,45,Lose Weight,Vegan
34,194,59,Stay Fit,High Protein
27,167,46,Lose Weight,High Protein
41,175,107,Stay Fit,Keto
26,155,75,Lose Weight,Vegan
32,176,63,Gain Muscle,High Protein
48,189,77,Gain Muscle,High Carb
48,193,58,Stay Fit,High Protein
50,179,114,Stay Fit,Moderate Protein
42,160,114,Lose Weight,Vegan
60,172,61,Stay Fit,Moderate Protein
57,165,109,Gain Muscle,Moderate Protein
55,172,96,Gain Muscle,Keto
41,164,78,Lose Weight,High Carb
42,163,48,Lose Weight,High Fiber
59,179,55,Stay Fit,Low Carb
20,199,85,Stay Fit,High Carb
37,151,65,Gain Muscle,Vegan
58,150,113,Lose Weight,High Carb
47,186,115,Stay Fit,High Fiber
42,174,72,Gain Muscle,High Fiber
28,186,60,Lose Weight,High Fiber
40,158,87,Stay Fit,High Carb
25,186,51,Stay Fit,Balanced
39,167,73,Lose Weight,High Protein
43,182,53,Stay Fit,High Carb
46,161,73,Gain Muscle,Moderate Protein
18,161,69,Gain Muscle,Balanced
24,155,98,Lose Weight,High Protein
36,195,47,Lose Weight,High Carb
42,170,71,Stay Fit,Low Carb
32,190,85,Gain Muscle,High Carb
59,160,69,Lose Weight,Keto
55,187,80,Stay Fit,Moderate Protein
48,162,58,Lose Weight,Keto
31,198,75,Lose Weight,Vegan
36,190,80,Stay Fit,Balanced
36,180,106,Gain Muscle,Balanced
45,164,75,Lose Weight,Balanced
21,169,46,Stay Fit,Keto
34,164,57,Gain Muscle,Balanced
52,200,102,Stay Fit,Vegan
59,162,74,Gain Muscle,Vegan
42,170,73,Lose Weight,Moderate Protein
57,189,78,Stay Fit,High Fiber
54,181,111,Stay Fit,High Fiber
18,166,112,Gain Muscle,High Carb
25,176,59,Stay Fit,Balanced
41,152,95,Stay Fit,Vegan
31,163,62,Stay Fit,Vegan
60,192,80,Lose Weight,High Carb
58,173,87,Stay Fit,Moderate Protein
34,162,78,Gain Muscle,Vegan
58,168,49,Gain Muscle,Keto
45,151,86,Stay Fit,Moderate Protein
37,181,104,Gain Muscle,Low Carb
33,154,47,Stay Fit,Low Carb
50,177,67,Stay Fit,Low Carb
44,177,56,Stay Fit,Moderate Protein
23,169,82,Stay Fit,Moderate Protein
19,152,106,Stay Fit,High Carb
22,199,63,Lose Weight,Keto
36,186,98,Stay Fit,Low Carb
59,197,49,Stay Fit,High Fiber
21,154,52,Gain Muscle,Vegan
30,173,76,Gain Muscle,Keto
20,197,115,Stay Fit,High Carb
35,162,75,Gain Muscle,Low Carb
44,164,65,Gain Muscle,Vegan
55,173,83,Gain Muscle,Low Carb
49,150,88,Gain Muscle,Vegan
34,191,78,Stay Fit,Low Carb
20,178,109,Lose Weight,Vegan
48,171,61,Lose Weight,Keto
38,189,49,Stay Fit,High Protein
23,193,55,Stay Fit,Low Carb
48,176,117,Gain Muscle,High Protein
31,167,73,Lose Weight,Moderate Protein
49,196,109,Stay Fit,Keto
59,158,65,Gain Muscle,Keto
48,153,70,Lose Weight,Low Carb
60,153,57,Lose Weight,Balanced
51,152,76,Lose Weight,High Protein
41,169,91,Stay Fit,Low Carb
53,184,73,Gain Muscle,Low Carb
43,159,101,Lose Weight,High Fiber
27,190,101,Lose Weight,High Protein
35,152,80,Gain Muscle,Keto
47,198,62,Stay Fit,Balanced
57,152,101,Gain Muscle,Keto
48,171,102,Stay Fit,High Carb
43,196,64,Gain Muscle,High Fiber
19,188,79,Lose Weight,Low Carb
29,157,119,Stay Fit,Moderate Protein
42,166,74,Lose Weight,Vegan
35,172,52,Lose Weight,Low Carb
33,185,61,Gain Muscle,Low Carb
37,186,99,Lose Weight,Balanced
26,192,94,Lose Weight,High Protein
43,185,116,Stay Fit,Moderate Protein
49,167,68,Lose Weight,High Fiber
37,152,75,Stay Fit,High Carb
58,174,112,Lose Weight,Keto
18,183,103,Lose Weight,High Fiber
55,160,101,Gain Muscle,Low Carb
31,197,89,Stay Fit,Vegan
19,186,98,Gain Muscle,Balanced
55,157,66,Stay Fit,High Fiber
42,156,68,Gain Muscle,Balanced
47,195,97,Gain Muscle,High Carb
35,150,67,Lose Weight,High Fiber
44,187,106,Stay Fit,Low Carb
39,171,75,Gain Muscle,High Fiber
42,156,111,Lose Weight,High Protein
38,191,116,Lose Weight,Keto
20,172,91,Gain Muscle,High Protein
36,175,45,Lose Weight,Keto
53,177,56,Lose Weight,Vegan
38,183,100,Lose Weight,Low Carb
51,194,98,Gain Muscle,Keto
20,174,80,Stay Fit,High Protein
41,173,98,Gain Muscle,Balanced
27,154,85,Stay Fit,Low Carb
35,199,61,Gain Muscle,High Fiber
41,173,76,Stay Fit,High Protein
52,178,80,Stay Fit,High Fiber
39,153,69,Lose Weight,Low Carb
30,193,88,Gain Muscle,Keto
32,183,110,Stay Fit,High Protein
33,186,68,Gain Muscle,High Fiber
40,167,54,Lose Weight,Keto
22,181,78,Gain Muscle,Keto
36,157,82,Stay Fit,Vegan
36,198,72,Gain Muscle,Keto
31,191,105,Lose Weight,High Carb
30,153,112,Stay Fit,Balanced
31,166,104,Gain Muscle,Moderate Protein
48,187,113,Lose Weight,Keto
33,188,51,Stay Fit,Balanced
22,159,92,Stay Fit,High Fiber
39,165,101,Lose Weight,Balanced
21,191,99,Gain Muscle,Moderate Protein
41,170,73,Lose Weight,High Protein
53,184,68,Gain Muscle,Balanced
35,153,69,Stay Fit,Moderate Protein
52,165,46,Gain Muscle,Balanced
19,177,100,Gain Muscle,Low Carb
45,168,63,Lose Weight,Balanced
26,156,87,Gain Muscle,Balanced
20,165,48,Gain Muscle,Balanced
31,196,91,Gain Muscle,Balanced
45,183,97,Lose Weight,Low Carb
18,162,111,Stay Fit,High Fiber
46,173,100,Lose Weight,Vegan
20,184,114,Stay Fit,Low Carb
38,192,89,Stay Fit,Moderate Protein
42,194,51,Stay Fit,Keto
35,167,69,Gain Muscle,High Carb
41,175,78,Stay Fit,Keto
40,191,88,Gain Muscle,High Protein
44,156,108,Gain Muscle,Moderate Protein
37,200,108,Lose Weight,Low Carb
55,193,62,Gain Muscle,High Protein
44,167,115,Lose Weight,Moderate Protein
38,194,52,Stay Fit,Balanced
28,168,54,Lose Weight,Low Carb
33,195,92,Lose Weight,Balanced
54,174,60,Lose Weight,Vegan
52,160,66,Lose Weight,Balanced
24,166,86,Lose Weight,Low Carb
35,168,107,Gain Muscle,Keto
32,162,72,Lose Weight,Vegan
48,198,84,Stay Fit,Vegan
22,188,104,Gain Muscle,High Fiber
19,192,75,Stay Fit,Vegan
37,162,52,Stay Fit,High Fiber
45,153,115,Stay Fit,Keto
49,162,91,Lose Weight,Keto
24,183,104,Stay Fit,High Carb
47,199,96,Lose Weight,High Carb
35,186,47,Stay Fit,Moderate Protein
48,151,58,Stay Fit,Moderate Protein
56,168,98,Lose Weight,High Fiber
41,168,112,Gain Muscle,Vegan
47,168,90,Stay Fit,Moderate Protein
55,184,99,Lose Weight,High Fiber
41,162,46,Stay Fit,Low Carb
55,154,106,Gain Muscle,High Carb
58,185,78,Gain Muscle,Balanced
28,178,120,Gain Muscle,Balanced
29,153,83,Lose Weight,Vegan
59,162,114,Lose Weight,High Fiber
24,186,64,Stay Fit,Low Carb
31,198,50,Stay Fit,Moderate Protein
53,191,114,Lose Weight,High Protein
34,176,51,Gain Muscle,Keto
54,171,69,Lose Weight,Keto
58,163,51,Lose Weight,Balanced
23,200,84,Gain Muscle,Moderate Protein
34,174,56,Lose Weight,Low Carb
52,175,94,Gain Muscle,Low Carb
23,170,99,Gain Muscle,Low Carb
37,178,98,Lose Weight,Vegan
28,171,110,Gain Muscle,Balanced
26,152,107,Lose Weight,High Carb
52,172,67,Stay Fit,Vegan
19,182,106,Gain Muscle,Balanced
54,184,52,Gain Muscle,Low Carb
21,186,119,Lose Weight,Vegan
58,161,81,Gain Muscle,Keto
46,193,103,Lose Weight,Keto
24,181,96,Stay Fit,High Fiber
44,199,89,Gain Muscle,High Fiber
24,180,91,Gain Muscle,Keto
27,158,73,Gain Muscle,High Protein
49,190,61,Lose Weight,High Protein
41,163,82,Stay Fit,High Protein
18,188,79,Gain Muscle,High Protein
44,191,48,Stay Fit,High Fiber
46,173,89,Stay Fit,Keto
53,178,54,Gain Muscle,Moderate Protein
41,161,91,Gain Muscle,Vegan
49,173,66,Lose Weight,High Protein
46,160,68,Stay Fit,Keto
52,187,57,Lose Weight,High Protein
34,174,96,Lose Weight,Keto
27,157,118,Stay Fit,Vegan
53,188,56,Gain Muscle,Vegan
54,178,105,Stay Fit,Moderate Protein
35,186,74,Lose Weight,Keto
52,165,112,Stay Fit,Keto
25,186,80,Stay Fit,High Carb
21,186,112,Lose Weight,Low Carb
25,178,87,Gain Muscle,Balanced
51,153,51,Stay Fit,Low Carb
20,193,67,Stay Fit,Low Carb
41,177,75,Lose Weight,High Carb
50,179,112,Lose Weight,High Carb
34,188,106,Stay Fit,Keto
40,153,80,Lose Weight,High Fiber
34,158,57,Gain Muscle,Vegan
38,190,91,Lose Weight,Vegan
57,186,61,Stay Fit,Balanced
56,198,66,Lose Weight,Keto
46,171,78,Stay Fit,Balanced
54,184,114,Stay Fit,High Protein
60,185,77,Stay Fit,High Carb
53,186,80,Lose Weight,Moderate Protein
39,192,49,Stay Fit,High Carb
49,195,56,Gain Muscle,Moderate Protein
60,192,112,Lose Weight,Keto
40,151,95,Stay Fit,Moderate Protein
50,191,87,Stay Fit,High Carb
30,186,79,Lose Weight,High Fiber
49,192,100,Lose Weight,Low Carb
20,167,73,Gain Muscle,High Carb
51,166,103,Lose Weight,High Protein
54,199,117,Lose Weight,High Carb
21,176,95,Stay Fit,Keto
37,192,73,Stay Fit,Keto
51,182,116,Stay Fit,High Protein
36,197,105,Stay Fit,Low Carb
58,180,110,Gain Muscle,Balanced
59,196,47,Stay Fit,Vegan
30,162,105,Gain Muscle,Low Carb
52,186,63,Gain Muscle,High Carb
20,199,113,Lose Weight,Moderate Protein
45,150,94,Lose Weight,Keto
20,181,54,Stay Fit,Keto
28,152,79,Stay Fit,Vegan
44,164,53,Gain Muscle,Low Carb
28,169,99,Stay Fit,High Carb
18,154,63,Gain Muscle,Balanced
20,168,118,Lose Weight,Keto
30,173,82,Lose Weight,High Fiber
39,171,73,Lose Weight,High Protein
