age,height,weight,goal,workout
49,178,94,Gain Muscle,Pilates
35,160,103,Lose Weight,Martial Arts
38,163,46,Gain Muscle,Swimming
31,153,45,Lose Weight,Cycling
45,181,57,Stay Fit,Cardio
32,162,92,Stay Fit,Bodybuilding
21,152,95,Stay Fit,Zumba
56,164,115,Lose Weight,Bodybuilding
19,163,46,Lose Weight,Cycling
52,192,81,Lose Weight,Zumba
46,169,70,Gain Muscle,Swimming
44,158,93,Gain Muscle,Martial Arts
39,196,95,Gain Muscle,Swimming
32,187,118,Lose Weight,Running
26,174,68,Gain Muscle,Cardio
28,167,61,Stay Fit,Bodybuilding
56,193,64,Lose Weight,Powerlifting
36,180,72,Lose Weight,Pilates
59,185,90,Lose Weight,Zumba
46,157,100,Lose Weight,Bodybuilding
54,195,113,Lose Weight,Cardio
39,156,54,Gain Muscle,HIIT
46,187,105,Stay Fit,Running
22,197,99,Stay Fit,Cardio
21,152,50,Gain Muscle,Stretching
44,150,64,Lose Weight,HIIT
60,161,118,Lose Weight,Bodybuilding
29,154,85,Gain Muscle,Zumba
19,150,66,Gain Muscle,HIIT
59,190,115,Gain Muscle,Swimming
51,153,119,Stay Fit,Bodybuilding
32,155,103,Gain Muscle,Pilates
55,170,58,Lose Weight,Swimming
53,171,107,Stay Fit,Stretching
19,173,94,Gain Muscle,Stretching
35,199,104,Gain Muscle,Cardio
59,192,112,Stay Fit,Zumba
49,180,109,Lose Weight,Weight Lifting
39,160,47,Stay Fit,Zumba
35,196,102,Lose Weight,Cycling
39,150,111,Lose Weight,Stretching
29,182,68,Gain Muscle,Zumba
21,175,114,Stay Fit,Bodybuilding
43,181,50,Gain Muscle,Zumba
26,158,58,Stay Fit,HIIT
60,190,97,Gain Muscle,Powerlifting
42,174,107,Stay Fit,Stretching
39,155,115,Gain Muscle,Strength Training
45,175,73,Gain Muscle,HIIT
24,165,67,Gain Muscle,HIIT
29,150,103,Stay Fit,Pilates
46,176,59,Stay Fit,CrossFit
60,199,74,Stay Fit,Stretching
19,186,66,Lose Weight,Swimming
41,164,120,Lose Weight,Pilates
30,180,50,Lose Weight,Powerlifting
24,181,115,Lose Weight,Strength Training
26,184,50,Gain Muscle,Weight Lifting
25,158,90,Gain Muscle,Running
37,155,84,Lose Weight,Pilates
58,193,62,Lose Weight,Cycling
58,153,69,Gain Muscle,Running
19,150,113,Lose Weight,Zumba
36,157,86,Gain Muscle,Running
46,184,113,Gain Muscle,Pilates
50,188,65,Lose Weight,Swimming
54,197,71,Gain Muscle,Strength Training
42,184,61,Gain Muscle,Cycling
24,174,49,Stay Fit,Pilates
54,154,78,Lose Weight,Swimming
52,190,94,Gain Muscle,Zumba
20,155,105,Stay Fit,Strength Training
22,180,83,Lose Weight,Powerlifting
27,192,118,Lose Weight,Zumba
42,160,51,Lose Weight,Zumba
28,159,103,Gain Muscle,HIIT
60,163,51,Lose Weight,Zumba
34,159,65,Gain Muscle,Martial Arts
48,152,59,Lose Weight,Powerlifting
19,153,79,Gain Muscle,Pilates
28,162,80,Lose Weight,Martial Arts
33,192,63,Gain Muscle,Cycling
36,181,83,Stay Fit,Yoga
34,155,85,Stay Fit,Yoga
36,166,86,Stay Fit,Running
28,169,88,Lose Weight,Cycling
35,153,113,Lose Weight,Stretching
42,196,104,Gain Muscle,Stretching
22,199,83,Lose Weight,Running
57,156,67,Gain Muscle,Stretching
39,169,115,Stay Fit,Stretching
55,162,111,Gain Muscle,Stretching
24,150,109,Lose Weight,Swimming
26,187,95,Gain Muscle,Stretching
40,174,89,Lose Weight,Martial Arts
37,165,104,Stay Fit,Strength Training
20,199,113,Gain Muscle,Cycling
35,158,66,Stay Fit,Weight Lifting
18,200,49,Stay Fit,Cycling
51,175,106,Lose Weight,Cardio
33,159,62,Lose Weight,HIIT
47,178,56,Gain Muscle,Cardio
41,164,54,Gain Muscle,Cardio
48,196,59,Stay Fit,Weight Lifting
47,184,83,Lose Weight,Bodybuilding
59,165,46,Lose Weight,Swimming
30,185,119,Gain Muscle,Cycling
35,200,87,Gain Muscle,Weight Lifting
37,151,56,Stay Fit,Running
52,176,59,Gain Muscle,Bodybuilding
19,170,91,Gain Muscle,Running
50,192,69,Gain Muscle,Powerlifting
57,181,57,Gain Muscle,Cycling
48,174,52,Stay Fit,Powerlifting
29,167,92,Stay Fit,Running
32,192,58,Lose Weight,Weight Lifting
46,160,86,Lose Weight,Pilates
59,200,120,Stay Fit,Swimming
19,173,57,Stay Fit,Bodybuilding
45,198,120,Lose Weight,Strength Training
34,168,59,Lose Weight,HIIT
49,168,65,Lose Weight,Swimming
27,184,53,Gain Muscle,Running
37,160,59,Stay Fit,Martial Arts
30,190,120,Gain Muscle,HIIT
34,187,60,Lose Weight,Pilates
27,179,109,Stay Fit,Bodybuilding
42,194,45,Stay Fit,Swimming
30,182,60,Gain Muscle,Swimming
30,166,75,Stay Fit,Zumba
36,175,77,Lose Weight,HIIT
40,191,80,Stay Fit,Weight Lifting
23,160,57,Stay Fit,Bodybuilding
55,156,60,Gain Muscle,Strength Training
34,156,54,Gain Muscle,Pilates
38,159,47,Gain Muscle,CrossFit
31,191,100,Stay Fit,Powerlifting
24,158,79,Lose Weight,HIIT
42,166,50,Gain Muscle,Running
31,181,113,Stay Fit,Cardio
36,158,93,Gain Muscle,Strength Training
24,158,53,Stay Fit,Weight Lifting
57,152,66,Gain Muscle,Cardio
44,180,73,Stay Fit,Pilates
38,181,71,Stay Fit,Bodybuilding
57,194,52,Gain Muscle,Cycling
50,167,80,Stay Fit,Yoga
34,177,46,Stay Fit,CrossFit
34,176,83,Gain Muscle,Cardio
22,158,67,Gain Muscle,HIIT
56,176,52,Gain Muscle,Swimming
33,199,70,Gain Muscle,Powerlifting
22,183,60,Stay Fit,Zumba
59,161,45,Lose Weight,Powerlifting
25,179,56,Stay Fit,Cycling
39,156,87,Gain Muscle,Swimming
27,159,76,Gain Muscle,Running
19,178,57,Stay Fit,Yoga
20,196,84,Stay Fit,Zumba
36,152,96,Stay Fit,Bodybuilding
18,183,104,Lose Weight,Weight Lifting
46,151,117,Stay Fit,Martial Arts
21,154,112,Gain Muscle,Strength Training
29,183,50,Lose Weight,Running
35,153,110,Gain Muscle,Pilates
42,186,102,Stay Fit,Bodybuilding
51,185,47,Gain Muscle,Weight Lifting
28,155,47,Gain Muscle,Weight Lifting
50,151,114,Lose Weight,Zumba
27,158,88,Lose Weight,Running
28,197,117,Gain Muscle,Stretching
49,178,72,Gain Muscle,Powerlifting
55,179,54,Lose Weight,Martial Arts
31,192,75,Gain Muscle,Running
58,178,82,Lose Weight,Yoga
22,158,59,Stay Fit,Powerlifting
59,157,106,Lose Weight,CrossFit
35,151,86,Gain Muscle,Cardio
39,153,49,Stay Fit,HIIT
34,181,93,Lose Weight,Cardio
51,188,45,Stay Fit,Running
32,170,116,Lose Weight,Pilates
24,181,104,Gain Muscle,Pilates
40,199,120,Stay Fit,Bodybuilding
18,159,114,Lose Weight,Martial Arts
35,168,51,Lose Weight,Weight Lifting
30,151,98,Stay Fit,Weight Lifting
30,196,60,Lose Weight,Cardio
44,158,71,Stay Fit,HIIT
56,169,91,Lose Weight,Bodybuilding
38,160,82,Gain Muscle,Cardio
24,182,68,Stay Fit,Yoga
60,172,98,Stay Fit,Cardio
41,165,81,Stay Fit,CrossFit
32,157,100,Gain Muscle,Cardio
26,176,50,Stay Fit,Pilates
35,185,100,Stay Fit,Powerlifting
22,162,82,Stay Fit,Zumba
22,162,71,Gain Muscle,Weight Lifting
58,178,88,Gain Muscle,HIIT
32,197,96,Gain Muscle,Strength Training
43,162,87,Stay Fit,Strength Training
36,192,94,Lose Weight,CrossFit
18,150,46,Stay Fit,Swimming
25,173,48,Gain Muscle,Strength Training
58,169,54,Gain Muscle,Zumba
56,183,88,Gain Muscle,Pilates
31,174,118,Gain Muscle,Bodybuilding
39,158,115,Gain Muscle,Swimming
54,188,63,Stay Fit,HIIT
22,182,69,Lose Weight,Swimming
53,196,118,Lose Weight,Zumba
56,200,117,Lose Weight,Weight Lifting
56,168,117,Gain Muscle,Swimming
54,166,110,Stay Fit,Running
38,151,84,Stay Fit,Pilates
42,168,118,Stay Fit,Pilates
23,171,109,Stay Fit,Running
28,171,91,Stay Fit,Cycling
32,172,73,Gain Muscle,Pilates
51,189,58,Stay Fit,Cardio
35,194,64,Stay Fit,Swimming
31,195,97,Gain Muscle,Zumba
19,158,62,Gain Muscle,Weight Lifting
59,151,108,Stay Fit,Cycling
51,197,119,Gain Muscle,Cycling
26,178,75,Stay Fit,Cardio
60,170,91,Gain Muscle,Swimming
30,166,68,Stay Fit,Powerlifting
40,159,113,Gain Muscle,Bodybuilding
43,191,73,Lose Weight,Cardio
54,196,115,Stay Fit,Zumba
20,175,102,Stay Fit,Strength Training
55,158,111,Gain Muscle,HIIT
40,176,49,Gain Muscle,Yoga
58,159,115,Stay Fit,Stretching
41,157,93,Gain Muscle,Bodybuilding
55,151,105,Gain Muscle,Pilates
60,159,107,Gain Muscle,HIIT
27,153,66,Lose Weight,Bodybuilding
22,151,72,Gain Muscle,Running
23,164,45,Gain Muscle,Yoga
34,181,46,Gain Muscle,Yoga
25,163,94,Stay Fit,Cardio
52,184,111,Stay Fit,CrossFit
57,171,49,Lose Weight,Martial Arts
34,175,61,Lose Weight,Running
31,169,50,Lose Weight,Yoga
55,187,46,Gain Muscle,Zumba
23,157,52,Gain Muscle,Swimming
23,163,86,Gain Muscle,CrossFit
50,163,89,Gain Muscle,Running
38,175,64,Stay Fit,Cardio
55,186,74,Gain Muscle,Bodybuilding
42,197,97,Stay Fit,Zumba
25,157,56,Lose Weight,Yoga
36,180,87,Gain Muscle,Pilates
22,164,45,Stay Fit,Strength Training
23,159,52,Gain Muscle,Cycling
54,181,99,Stay Fit,Strength Training
26,181,66,Stay Fit,Running
59,183,111,Stay Fit,Zumba
45,174,69,Gain Muscle,Strength Training
34,194,84,Lose Weight,Swimming
20,189,65,Gain Muscle,Running
22,155,53,Gain Muscle,CrossFit
60,195,66,Stay Fit,Powerlifting
44,152,69,Gain Muscle,Zumba
48,193,74,Lose Weight,Swimming
19,155,112,Lose Weight,Yoga
21,185,85,Stay Fit,Cycling
19,178,75,Gain Muscle,Stretching
18,198,49,Gain Muscle,Weight Lifting
53,197,73,Stay Fit,Cardio
58,190,71,Gain Muscle,Bodybuilding
32,152,51,Gain Muscle,CrossFit
47,187,120,Stay Fit,Weight Lifting
56,180,99,Gain Muscle,Swimming
24,183,79,Lose Weight,Powerlifting
39,158,111,Lose Weight,CrossFit
31,173,101,Gain Muscle,Cardio
39,195,79,Gain Muscle,Yoga
33,176,97,Stay Fit,Cycling
24,168,113,Stay Fit,Cycling
52,199,118,Stay Fit,Pilates
58,200,64,Gain Muscle,Running
19,173,62,Gain Muscle,Powerlifting
34,189,62,Lose Weight,Yoga
39,187,66,Stay Fit,CrossFit
47,195,60,Gain Muscle,Weight Lifting
37,188,110,Gain Muscle,Cardio
37,169,77,Stay Fit,Swimming
44,179,64,Gain Muscle,Running
23,198,53,Stay Fit,Stretching
35,151,113,Stay Fit,Cycling
59,168,81,Stay Fit,Running
54,178,61,Lose Weight,Cycling
26,167,69,Gain Muscle,Strength Training
49,180,105,Stay Fit,Powerlifting
35,179,107,Stay Fit,Strength Training
31,180,72,Lose Weight,Zumba
53,174,112,Gain Muscle,Strength Training
39,199,91,Gain Muscle,Pilates
37,170,93,Lose Weight,Strength Training
49,177,66,Gain Muscle,Pilates
49,175,107,Lose Weight,Weight Lifting
29,174,98,Lose Weight,Bodybuilding
41,186,108,Lose Weight,Stretching
30,164,76,Gain Muscle,Running
18,161,53,Lose Weight,HIIT
21,160,65,Lose Weight,CrossFit
43,200,72,Lose Weight,Swimming
34,195,53,Stay Fit,Stretching
50,154,59,Stay Fit,CrossFit
28,190,84,Stay Fit,Swimming
57,152,93,Stay Fit,Bodybuilding
56,179,91,Gain Muscle,Pilates
55,174,89,Gain Muscle,Zumba
29,171,113,Gain Muscle,Cycling
18,162,98,Lose Weight,CrossFit
25,155,99,Lose Weight,Zumba
55,181,114,Stay Fit,Stretching
29,177,106,Gain Muscle,Bodybuilding
33,186,119,Lose Weight,Pilates
49,193,84,Lose Weight,Weight Lifting
38,172,99,Gain Muscle,Strength Training
51,157,93,Lose Weight,Weight Lifting
38,181,78,Lose Weight,Swimming
29,179,119,Lose Weight,Swimming
49,152,67,Stay Fit,Swimming
51,193,67,Lose Weight,Cycling
21,159,74,Stay Fit,Strength Training
37,158,56,Stay Fit,Bodybuilding
55,189,110,Lose Weight,HIIT
29,200,77,Lose Weight,Yoga
56,174,110,Gain Muscle,Bodybuilding
35,173,61,Gain Muscle,Running
58,164,91,Lose Weight,Weight Lifting
45,190,46,Gain Muscle,HIIT
46,152,49,Stay Fit,Weight Lifting
47,178,98,Lose Weight,Powerlifting
40,193,55,Stay Fit,Yoga
60,195,118,Gain Muscle,Martial Arts
26,160,48,Lose Weight,Cardio
53,174,69,Gain Muscle,Swimming
22,173,92,Lose Weight,Zumba
43,165,90,Lose Weight,Zumba
57,174,98,Lose Weight,Strength Training
39,188,57,Stay Fit,CrossFit
21,173,98,Gain Muscle,HIIT
45,192,92,Stay Fit,Martial Arts
38,165,74,Gain Muscle,Cardio
42,161,113,Gain Muscle,Running
24,154,87,Lose Weight,Cycling
20,185,91,Lose Weight,Strength Training
22,189,70,Stay Fit,Pilates
50,153,103,Stay Fit,Yoga
36,180,60,Lose Weight,Bodybuilding
37,183,64,Lose Weight,Stretching
41,160,86,Stay Fit,Strength Training
56,174,71,Lose Weight,HIIT
30,187,101,Lose Weight,Strength Training
50,177,102,Lose Weight,Swimming
45,179,119,Gain Muscle,Pilates
31,172,89,Gain Muscle,Powerlifting
30,154,63,Gain Muscle,Cycling
38,162,95,Stay Fit,Bodybuilding
48,175,84,Lose Weight,Swimming
54,156,72,Lose Weight,Cardio
32,153,48,Gain Muscle,Zumba
21,177,63,Stay Fit,HIIT
58,150,68,Stay Fit,Bodybuilding
48,171,118,Gain Muscle,Martial Arts
24,162,117,Lose Weight,Zumba
21,189,99,Gain Muscle,HIIT
47,166,75,Stay Fit,Running
43,199,103,Stay Fit,Martial Arts
35,161,118,Lose Weight,Bodybuilding
39,199,77,Lose Weight,Powerlifting
29,159,48,Stay Fit,Martial Arts
31,154,97,Lose Weight,Swimming
36,195,113,Gain Muscle,Zumba
59,199,70,Lose Weight,Cycling
27,182,70,Stay Fit,Yoga
32,192,97,Gain Muscle,Pilates
47,172,87,Stay Fit,Stretching
45,160,60,Gain Muscle,Pilates
19,196,103,Stay Fit,Yoga
55,193,78,Stay Fit,CrossFit
32,198,83,Stay Fit,Running
22,172,79,Lose Weight,Pilates
29,198,67,Stay Fit,HIIT
52,195,67,Lose Weight,Martial Arts
29,164,57,Lose Weight,Yoga
47,194,103,Gain Muscle,Swimming
18,177,116,Gain Muscle,Yoga
57,171,107,Stay Fit,Weight Lifting
20,169,51,Gain Muscle,Strength Training
28,191,52,Lose Weight,CrossFit
37,167,78,Gain Muscle,Pilates
54,153,76,Stay Fit,Zumba
18,155,50,Stay Fit,Cardio
27,160,71,Gain Muscle,Swimming
19,194,56,Lose Weight,Powerlifting
53,161,114,Gain Muscle,Martial Arts
37,178,61,Stay Fit,Zumba
42,164,96,Stay Fit,CrossFit
35,152,114,Lose Weight,Strength Training
18,163,49,Stay Fit,Zumba
38,159,109,Gain Muscle,Martial Arts
29,165,94,Lose Weight,Running
47,183,106,Lose Weight,HIIT
59,180,95,Lose Weight,Martial Arts
44,197,101,Gain Muscle,Strength Training
22,183,119,Stay Fit,HIIT
36,152,47,Lose Weight,Cardio
50,156,105,Gain Muscle,HIIT
26,192,48,Stay Fit,Yoga
53,193,67,Gain Muscle,Swimming
45,155,94,Gain Muscle,Martial Arts
30,180,76,Lose Weight,HIIT
31,200,50,Stay Fit,Weight Lifting
44,150,93,Gain Muscle,HIIT
21,155,113,Stay Fit,Weight Lifting
59,166,69,Gain Muscle,Running
38,185,52,Stay Fit,HIIT
18,182,46,Lose Weight,Powerlifting
27,150,61,Gain Muscle,CrossFit
22,172,94,Gain Muscle,Swimming
36,154,54,Lose Weight,Yoga
27,187,102,Stay Fit,Martial Arts
18,154,59,Gain Muscle,Weight Lifting
51,185,92,Stay Fit,Martial Arts
45,163,60,Lose Weight,Cycling
38,178,52,Lose Weight,HIIT
28,182,81,Lose Weight,Martial Arts
36,183,76,Gain Muscle,CrossFit
56,151,102,Stay Fit,Cycling
30,179,62,Gain Muscle,Powerlifting
49,180,88,Gain Muscle,Cardio
34,194,71,Lose Weight,Zumba
34,164,63,Lose Weight,Cardio
55,189,104,Lose Weight,Stretching
37,157,92,Gain Muscle,Yoga
54,164,104,Stay Fit,Pilates
45,193,59,Stay Fit,Weight Lifting
59,172,116,Stay Fit,Running
45,170,113,Stay Fit,Running
19,167,79,Lose Weight,Bodybuilding
32,161,92,Gain Muscle,Running
41,177,65,Lose Weight,Strength Training
36,199,58,Lose Weight,Swimming
30,193,115,Stay Fit,Powerlifting
28,192,97,Stay Fit,Zumba
30,195,69,Gain Muscle,Strength Training
21,199,54,Stay Fit,Swimming
26,181,55,Gain Muscle,CrossFit
33,183,84,Lose Weight,Swimming
29,165,97,Lose Weight,HIIT
30,181,59,Stay Fit,Yoga
39,186,96,Gain Muscle,CrossFit
36,181,119,Lose Weight,Weight Lifting
24,185,56,Stay Fit,Swimming
60,175,114,Stay Fit,Swimming
37,161,76,Gain Muscle,Yoga
41,184,47,Lose Weight,HIIT
26,179,101,Lose Weight,Zumba
22,182,57,Stay Fit,Bodybuilding
49,199,115,Stay Fit,Stretching
30,194,92,Stay Fit,HIIT
24,195,74,Lose Weight,Swimming
56,186,68,Gain Muscle,Pilates
37,158,90,Stay Fit,Cycling
29,153,88,Lose Weight,Powerlifting
42,198,60,Stay Fit,Swimming
32,161,51,Lose Weight,Weight Lifting
29,169,59,Stay Fit,Stretching
57,189,55,Lose Weight,Bodybuilding
33,184,80,Lose Weight,Cardio
59,185,45,Lose Weight,Weight Lifting
46,188,77,Gain Muscle,Stretching
54,150,48,Lose Weight,Zumba
52,165,65,Lose Weight,Pilates
32,156,91,Stay Fit,Martial Arts
53,197,67,Lose Weight,Running
60,189,53,Lose Weight,Pilates
50,155,103,Lose Weight,Strength Training
41,158,89,Lose Weight,Cycling
57,175,57,Stay Fit,Swimming
36,154,93,Gain Muscle,Bodybuilding
55,166,80,Lose Weight,Strength Training
27,191,63,Lose Weight,Cardio
57,160,118,Lose Weight,Martial Arts
52,155,73,Gain Muscle,Yoga
56,158,49,Gain Muscle,Cycling
28,150,115,Stay Fit,Pilates
36,163,117,Stay Fit,Cycling
57,195,62,Gain Muscle,Cycling
60,193,66,Lose Weight,Cardio
50,187,74,Gain Muscle,Cycling
43,164,47,Lose Weight,Pilates
40,159,112,Gain Muscle,HIIT
44,173,90,Stay Fit,Swimming
40,173,102,Lose Weight,Cycling
47,199,118,Lose Weight,Yoga
47,169,95,Lose Weight,Strength Training
56,170,79,Gain Muscle,Martial Arts
25,160,52,Stay Fit,Martial Arts
60,197,112,Gain Muscle,Powerlifting
46,174,57,Lose Weight,Cycling
27,158,110,Stay Fit,Yoga
36,184,68,Gain Muscle,Pilates
46,155,57,Stay Fit,Strength Training
34,197,61,Lose Weight,CrossFit
60,187,117,Stay Fit,Strength Training
55,195,65,Stay Fit,Bodybuilding
39,170,82,Gain Muscle,Powerlifting
18,183,107,Gain Muscle,Zumba
31,183,109,Stay Fit,CrossFit
23,190,82,Gain Muscle,Powerlifting
28,172,79,Stay Fit,Yoga
19,153,61,Stay Fit,Cardio
21,192,106,Stay Fit,Weight Lifting
57,172,105,Stay Fit,Cycling
27,179,75,Gain Muscle,Bodybuilding
36,184,86,Gain Muscle,Bodybuilding
49,164,92,Gain Muscle,Stretching
29,164,118,Gain Muscle,Strength Training
42,182,70,Lose Weight,Zumba
57,188,79,Lose Weight,Cycling
34,150,76,Stay Fit,Stretching
18,156,116,Gain Muscle,Yoga
53,154,108,Stay Fit,Bodybuilding
36,168,56,Gain Muscle,Strength Training
28,178,88,Gain Muscle,Pilates
22,154,73,Stay Fit,Running
39,188,46,Gain Muscle,Strength Training
18,168,77,Lose Weight,Running
42,152,58,Stay Fit,Swimming
54,171,88,Stay Fit,CrossFit
22,159,114,Gain Muscle,CrossFit
42,162,70,Gain Muscle,Martial Arts
59,161,107,Stay Fit,CrossFit
36,182,46,Lose Weight,Cycling
46,153,81,Gain Muscle,Bodybuilding
44,157,52,Lose Weight,Pilates
43,165,63,Lose Weight,Weight Lifting
29,196,120,Gain Muscle,Bodybuilding
58,168,45,Lose Weight,Bodybuilding
55,158,77,Gain Muscle,Cardio
38,161,53,Lose Weight,Cardio
34,199,116,Stay Fit,Martial Arts
54,169,60,Stay Fit,Cardio
37,191,57,Gain Muscle,Stretching
30,198,117,Gain Muscle,Cardio
48,181,72,Lose Weight,Zumba
50,165,119,Stay Fit,Martial Arts
22,193,119,Gain Muscle,Weight Lifting
41,188,49,Stay Fit,Martial Arts
54,180,73,Gain Muscle,Martial Arts
42,170,48,Lose Weight,Yoga
29,161,101,Lose Weight,HIIT
57,155,104,Gain Muscle,Running
49,168,101,Stay Fit,Zumba
54,154,48,Gain Muscle,Running
50,160,118,Stay Fit,Cardio
55,195,75,Gain Muscle,Swimming
31,170,69,Gain Muscle,Pilates
33,151,97,Stay Fit,Stretching
52,186,87,Lose Weight,CrossFit
25,200,47,Lose Weight,Pilates
53,182,94,Lose Weight,Bodybuilding
41,188,83,Gain Muscle,HIIT
36,168,72,Stay Fit,Martial Arts
54,189,59,Lose Weight,Weight Lifting
46,175,69,Lose Weight,Stretching
44,188,98,Lose Weight,Strength Training
39,200,111,Gain Muscle,Swimming
60,182,58,Lose Weight,Running
46,188,83,Gain Muscle,Bodybuilding
41,194,51,Lose Weight,Cycling
48,169,46,Gain Muscle,Cycling
35,150,94,Lose Weight,Martial Arts
58,176,103,Lose Weight,Yoga
20,184,110,Gain Muscle,Bodybuilding
60,189,70,Stay Fit,Powerlifting
18,157,105,Stay Fit,HIIT
44,198,118,Stay Fit,Zumba
34,172,108,Gain Muscle,Swimming
18,170,50,Gain Muscle,Stretching
27,151,70,Lose Weight,Yoga
38,187,112,Gain Muscle,Powerlifting
22,191,51,Gain Muscle,Cardio
24,195,49,Stay Fit,Pilates
42,199,119,Stay Fit,Weight Lifting
43,199,119,Lose Weight,Running
29,192,54,Gain Muscle,CrossFit
46,183,65,Gain Muscle,Weight Lifting
19,156,106,Lose Weight,Yoga
23,167,45,Gain Muscle,Running
50,154,61,Gain Muscle,Powerlifting
47,151,114,Stay Fit,Swimming
20,167,72,Gain Muscle,Strength Training
35,194,83,Gain Muscle,Running
55,191,112,Stay Fit,Yoga
24,186,115,Stay Fit,Zumba
41,165,79,Stay Fit,Martial Arts
52,163,65,Lose Weight,Weight Lifting
48,198,59,Gain Muscle,Martial Arts
40,153,117,Gain Muscle,Cycling
29,172,86,Stay Fit,Bodybuilding
41,163,52,Stay Fit,HIIT
19,194,120,Gain Muscle,Weight Lifting
52,169,60,Gain Muscle,Cycling
45,193,113,Gain Muscle,Martial Arts
40,153,109,Gain Muscle,Cardio
49,197,45,Lose Weight,Strength Training
55,180,119,Lose Weight,Yoga
34,155,67,Lose Weight,Weight Lifting
31,156,50,Lose Weight,Strength Training
22,192,114,Stay Fit,Bodybuilding
51,189,49,Lose Weight,Yoga
41,185,66,Lose Weight,Martial Arts
46,177,66,Gain Muscle,Cardio
23,181,45,Lose Weight,CrossFit
54,172,81,Gain Muscle,Martial Arts
52,159,82,Lose Weight,HIIT
43,158,48,Lose Weight,Weight Lifting
42,167,87,Stay Fit,Weight Lifting
34,180,68,Lose Weight,Martial Arts
33,200,55,Gain Muscle,Martial Arts
42,160,96,Stay Fit,Powerlifting
40,172,50,Lose Weight,Swimming
18,166,101,Stay Fit,Strength Training
33,164,113,Stay Fit,Pilates
42,184,66,Gain Muscle,Cycling
35,174,68,Lose Weight,Swimming
19,194,99,Stay Fit,Zumba
37,196,82,Gain Muscle,Swimming
57,177,108,Stay Fit,HIIT
23,161,83,Gain Muscle,Zumba
31,155,53,Gain Muscle,Yoga
53,173,109,Gain Muscle,Strength Training
52,171,57,Stay Fit,Strength Training
29,186,64,Gain Muscle,Stretching
22,164,69,Lose Weight,Pilates
46,171,46,Gain Muscle,Cycling
18,150,87,Gain Muscle,Cycling
53,180,54,Gain Muscle,CrossFit
38,175,61,Lose Weight,Stretching
25,162,109,Stay Fit,Bodybuilding
58,199,71,Lose Weight,Bodybuilding
41,160,101,Stay Fit,Pilates
40,196,102,Stay Fit,Cycling
21,162,92,Gain Muscle,Cycling
32,167,53,Gain Muscle,Running
47,176,88,Stay Fit,Yoga
55,165,73,Stay Fit,Zumba
24,192,69,Gain Muscle,Weight Lifting
31,151,79,Stay Fit,HIIT
26,192,53,Stay Fit,Powerlifting
51,196,50,Stay Fit,Cycling
47,165,92,Gain Muscle,Swimming
43,150,48,Lose Weight,Powerlifting
32,185,94,Stay Fit,Cycling
53,155,89,Gain Muscle,Zumba
21,199,74,Lose Weight,Weight Lifting
32,176,51,Stay Fit,Powerlifting
52,182,55,Gain Muscle,Zumba
22,186,118,Stay Fit,Cycling
36,195,45,Stay Fit,Martial Arts
45,157,61,Stay Fit,CrossFit
49,162,115,Stay Fit,Martial Arts
60,169,95,Stay Fit,HIIT
33,158,63,Lose Weight,Zumba
43,177,88,Gain Muscle,Swimming
60,195,50,Lose Weight,Pilates
30,167,96,Gain Muscle,Stretching
45,159,46,Stay Fit,Swimming
20,168,49,Gain Muscle,CrossFit
25,154,79,Gain Muscle,Stretching
56,180,72,Stay Fit,Stretching
49,199,66,Gain Muscle,Yoga
32,192,69,Stay Fit,Stretching
25,161,113,Lose Weight,CrossFit
52,164,101,Lose Weight,Martial Arts
26,194,96,Lose Weight,Yoga
35,166,114,Lose Weight,Powerlifting
58,197,72,Stay Fit,Yoga
31,154,109,Stay Fit,Weight Lifting
18,178,93,Gain Muscle,Running
30,181,105,Gain Muscle,Cardio
22,180,109,Lose Weight,Pilates
46,193,91,Lose Weight,Powerlifting
39,189,61,Gain Muscle,Cardio
18,176,67,Stay Fit,Yoga
50,198,108,Stay Fit,Strength Training
39,178,47,Stay Fit,Strength Training
53,169,93,Gain Muscle,CrossFit
19,188,86,Stay Fit,Running
36,187,119,Stay Fit,Zumba
60,194,89,Gain Muscle,Martial Arts
32,180,74,Stay Fit,Yoga
33,179,73,Stay Fit,CrossFit
43,161,83,Gain Muscle,Swimming
38,165,59,Stay Fit,CrossFit
25,169,80,Gain Muscle,CrossFit
22,198,90,Gain Muscle,Zumba
52,179,80,Gain Muscle,Stretching
34,184,105,Lose Weight,Powerlifting
21,182,112,Gain Muscle,Stretching
33,192,118,Stay Fit,Weight Lifting
59,159,91,Stay Fit,CrossFit
35,186,58,Stay Fit,Strength Training
51,151,84,Gain Muscle,Powerlifting
53,185,51,Stay Fit,Bodybuilding
50,164,61,Gain Muscle,Zumba
35,191,59,Lose Weight,Cycling
25,154,59,Lose Weight,Powerlifting
43,156,79,Gain Muscle,HIIT
42,178,58,Stay Fit,Weight Lifting
35,199,69,Gain Muscle,HIIT
40,187,60,Lose Weight,Cardio
36,154,55,Gain Muscle,Bodybuilding
47,191,101,Gain Muscle,HIIT
41,185,96,Lose Weight,Running
45,184,111,Lose Weight,Powerlifting
32,167,103,Gain Muscle,Zumba
19,150,106,Gain Muscle,Pilates
31,158,72,Gain Muscle,HIIT
22,177,76,Gain Muscle,Pilates
60,182,47,Lose Weight,Pilates
44,199,85,Lose Weight,Pilates
48,151,114,Lose Weight,Strength Training
39,165,108,Lose Weight,Cycling
36,171,94,Lose Weight,HIIT
22,176,67,Stay Fit,HIIT
45,164,103,Gain Muscle,Powerlifting
55,165,107,Lose Weight,Martial Arts
32,189,66,Stay Fit,Martial Arts
52,190,51,Stay Fit,Cardio
47,194,116,Stay Fit,Running
39,167,107,Gain Muscle,CrossFit
53,191,112,Stay Fit,Running
18,160,74,Lose Weight,Weight Lifting
60,158,84,Stay Fit,HIIT
37,151,53,Gain Muscle,Swimming
41,188,115,Lose Weight,CrossFit
33,173,88,Lose Weight,Powerlifting
45,170,48,Stay Fit,Strength Training
53,192,71,Gain Muscle,Cardio
18,150,110,Stay Fit,Cycling
33,154,117,Lose Weight,CrossFit
60,164,68,Gain Muscle,Stretching
48,172,94,Gain Muscle,Running
24,164,70,Gain Muscle,HIIT
21,164,77,Stay Fit,CrossFit
33,198,70,Gain Muscle,HIIT
48,168,61,Lose Weight,Zumba
43,154,55,Gain Muscle,Powerlifting
45,164,110,Lose Weight,CrossFit
52,156,82,Stay Fit,Weight Lifting
28,164,94,Stay Fit,Running
28,185,78,Lose Weight,Cycling
60,169,96,Lose Weight,Powerlifting
25,177,72,Stay Fit,CrossFit
45,183,114,Lose Weight,Martial Arts
20,180,99,Gain Muscle,Swimming
36,154,68,Gain Muscle,HIIT
53,161,83,Gain Muscle,Running
29,191,63,Lose Weight,Weight Lifting
59,199,94,Gain Muscle,Strength Training
51,150,97,Gain Muscle,Running
21,172,59,Lose Weight,Pilates
37,175,65,Lose Weight,Bodybuilding
42,160,47,Gain Muscle,Martial Arts
27,179,86,Stay Fit,Yoga
36,181,96,Gain Muscle,Stretching
42,164,52,Stay Fit,Strength Training
23,191,55,Gain Muscle,Yoga
46,191,56,Lose Weight,Yoga
51,191,96,Stay Fit,Pilates
56,195,95,Gain Muscle,Stretching
48,186,99,Stay Fit,Swimming
52,151,105,Stay Fit,Cardio
50,178,98,Stay Fit,Cycling
55,188,69,Gain Muscle,HIIT
26,170,63,Gain Muscle,Pilates
53,186,74,Stay Fit,Running
55,158,112,Gain Muscle,Zumba
41,195,104,Gain Muscle,CrossFit
34,190,83,Gain Muscle,Yoga
35,183,114,Stay Fit,Running
24,179,85,Stay Fit,Pilates
24,186,67,Lose Weight,CrossFit
53,185,62,Lose Weight,Yoga
56,195,54,Stay Fit,Strength Training
47,185,72,Lose Weight,Running
31,170,49,Stay Fit,Cycling
44,190,56,Gain Muscle,Running
34,183,67,Stay Fit,Strength Training
44,162,66,Lose Weight,Weight Lifting
34,183,109,Gain Muscle,Cardio
21,197,70,Lose Weight,Swimming
35,162,58,Lose Weight,Weight Lifting
56,156,108,Stay Fit,Cardio
26,182,74,Gain Muscle,CrossFit
50,189,73,Stay Fit,Pilates
57,169,118,Stay Fit,Cardio
31,193,106,Gain Muscle,Swimming
59,198,95,Gain Muscle,Stretching
38,160,45,Stay Fit,Bodybuilding
53,178,100,Lose Weight,CrossFit
55,154,69,Lose Weight,Stretching
44,164,112,Lose Weight,Swimming
41,167,120,Stay Fit,Martial Arts
44,172,89,Gain Muscle,HIIT
39,163,60,Stay Fit,Pilates
56,183,53,Stay Fit,Cycling
47,188,96,Lose Weight,Stretching
23,161,67,Stay Fit,Pilates
44,195,104,Stay Fit,Zumba
40,163,101,Stay Fit,Strength Training
48,153,46,Stay Fit,Weight Lifting
27,191,103,Gain Muscle,Cardio
30,163,46,Gain Muscle,Cardio
19,190,107,Stay Fit,Yoga
49,159,46,Gain Muscle,Zumba
44,155,52,Stay Fit,Bodybuilding
20,169,57,Gain Muscle,Stretching
54,157,85,Lose Weight,Cycling
33,191,117,Gain Muscle,Powerlifting
45,178,73,Gain Muscle,Powerlifting
45,171,116,Gain Muscle,Running
51,190,55,Gain Muscle,CrossFit
25,166,86,Lose Weight,Stretching
27,181,66,Gain Muscle,Bodybuilding
45,158,106,Gain Muscle,Swimming
44,193,83,Gain Muscle,Stretching
32,173,62,Stay Fit,Pilates
52,196,58,Lose Weight,Running
19,189,100,Stay Fit,CrossFit
45,197,97,Stay Fit,Stretching
48,172,79,Gain Muscle,Cardio
21,178,87,Gain Muscle,HIIT
42,151,77,Lose Weight,Powerlifting
43,166,113,Gain Muscle,Martial Arts
44,175,58,Stay Fit,Pilates
53,165,91,Gain Muscle,HIIT
37,173,97,Stay Fit,Martial Arts
20,171,89,Lose Weight,Cardio
18,192,53,Lose Weight,Martial Arts
59,199,92,Lose Weight,Cardio
32,196,107,Lose Weight,HIIT
52,200,59,Lose Weight,Cycling
23,189,115,Gain Muscle,Pilates
57,200,104,Stay Fit,Cardio
39,182,110,Gain Muscle,CrossFit
33,187,47,Stay Fit,Bodybuilding
23,200,76,Gain Muscle,Powerlifting
46,199,58,Gain Muscle,Zumba
56,166,84,Gain Muscle,Yoga
53,181,97,Lose Weight,Zumba
51,192,65,Gain Muscle,Zumba
34,163,78,Gain Muscle,HIIT
59,154,97,Lose Weight,Stretching
19,160,103,Stay Fit,Powerlifting
42,163,57,Lose Weight,Strength Training
55,197,108,Gain Muscle,CrossFit
22,165,92,Lose Weight,Stretching
26,193,72,Gain Muscle,Yoga
22,198,114,Lose Weight,Swimming
25,174,97,Lose Weight,Stretching
22,157,111,Lose Weight,HIIT
18,169,76,Stay Fit,Stretching
37,189,91,Stay Fit,Cycling
57,160,70,Stay Fit,Yoga
44,168,95,Stay Fit,Cycling
47,178,114,Lose Weight,Bodybuilding
31,191,64,Lose Weight,Powerlifting
25,186,84,Lose Weight,Cardio
34,193,68,Stay Fit,Strength Training
46,161,83,Stay Fit,Cycling
53,178,62,Lose Weight,Pilates
48,192,72,Gain Muscle,Pilates
31,187,112,Gain Muscle,Powerlifting
48,176,119,Lose Weight,Martial Arts
44,160,65,Stay Fit,Cycling
49,159,107,Lose Weight,Strength Training
24,192,86,Gain Muscle,Zumba
30,165,80,Lose Weight,Powerlifting
57,184,89,Gain Muscle,Martial Arts
43,189,48,Gain Muscle,Stretching
51,151,117,Stay Fit,Running
55,168,79,Lose Weight,Strength Training
42,194,85,Stay Fit,Cardio
37,200,87,Lose Weight,Cycling
48,187,70,Gain Muscle,Strength Training
39,182,74,Stay Fit,Bodybuilding
53,185,48,Stay Fit,Powerlifting
31,151,65,Lose Weight,Cycling
56,198,80,Gain Muscle,Powerlifting
56,153,47,Gain Muscle,Martial Arts
44,164,76,Gain Muscle,Powerlifting
46,158,73,Stay Fit,Bodybuilding
60,169,50,Gain Muscle,Strength Training
22,169,120,Lose Weight,Powerlifting
49,186,93,Stay Fit,Bodybuilding
53,161,79,Stay Fit,Stretching
57,180,61,Gain Muscle,Stretching
20,152,83,Stay Fit,Stretching
31,185,69,Gain Muscle,Weight Lifting
39,196,109,Gain Muscle,Zumba
59,200,109,Stay Fit,Swimming
49,196,49,Gain Muscle,Strength Training
47,167,46,Lose Weight,Yoga
28,199,120,Gain Muscle,Powerlifting
27,180,50,Lose Weight,Bodybuilding
53,186,72,Stay Fit,Yoga
53,186,65,Gain Muscle,Zumba
45,174,54,Lose Weight,Strength Training
27,184,115,Stay Fit,CrossFit
60,169,83,Stay Fit,Yoga
38,169,112,Lose Weight,Swimming
48,194,92,Gain Muscle,Cardio
35,185,71,Stay Fit,Powerlifting
43,197,53,Stay Fit,Stretching
30,152,82,Gain Muscle,Weight Lifting
31,179,101,Gain Muscle,CrossFit
53,166,60,Lose Weight,Swimming
37,188,109,Gain Muscle,Swimming
29,176,55,Stay Fit,Yoga
26,178,117,Lose Weight,Strength Training
28,195,59,Lose Weight,Pilates
37,199,80,Stay Fit,Cardio
52,193,61,Lose Weight,Strength Training
54,163,65,Stay Fit,Cycling
30,191,111,Lose Weight,Cardio
32,195,113,Gain Muscle,Bodybuilding
42,162,67,Stay Fit,Zumba
26,188,49,Gain Muscle,CrossFit
53,196,68,Lose Weight,Stretching
41,160,50,Stay Fit,Powerlifting
60,160,54,Stay Fit,Cycling
43,178,117,Stay Fit,Weight Lifting
21,190,59,Gain Muscle,Swimming
39,153,48,Lose Weight,Swimming
38,196,106,Stay Fit,Cycling
29,171,97,Gain Muscle,CrossFit
43,199,79,Gain Muscle,HIIT
30,200,60,Lose Weight,Running
28,164,52,Gain Muscle,Weight Lifting
23,150,57,Stay Fit,Swimming
46,174,58,Lose Weight,Bodybuilding
32,184,47,Lose Weight,Weight Lifting
28,189,81,Stay Fit,Cycling
21,159,117,Lose Weight,Zumba
26,153,105,Stay Fit,Strength Training
45,177,73,Lose Weight,Strength Training
59,173,89,Stay Fit,Zumba
43,190,106,Lose Weight,CrossFit
48,165,63,Lose Weight,Cycling
21,192,83,Stay Fit,Swimming
57,174,95,Lose Weight,Weight Lifting
37,169,119,Lose Weight,Powerlifting
48,164,93,Gain Muscle,Stretching
23,174,57,Lose Weight,Cycling
39,155,94,Gain Muscle,Pilates
60,170,107,Lose Weight,CrossFit
37,151,53,Stay Fit,Cycling
28,176,77,Lose Weight,Pilates
18,194,101,Stay Fit,Strength Training
47,169,92,Gain Muscle,Weight Lifting
36,181,57,Gain Muscle,Stretching
47,188,94,Stay Fit,Yoga
55,186,83,Lose Weight,Yoga
33,187,94,Lose Weight,Yoga
28,178,45,Lose Weight,Cycling
32,172,56,Gain Muscle,Stretching
52,163,90,Gain Muscle,Swimming
28,162,85,Gain Muscle,Bodybuilding
31,152,77,Lose Weight,Bodybuilding
35,157,94,Stay Fit,Cycling
49,177,56,Gain Muscle,Bodybuilding
49,171,49,Gain Muscle,Strength Training
37,155,89,Stay Fit,Swimming
26,151,101,Lose Weight,Martial Arts
58,154,68,Gain Muscle,CrossFit
18,153,120,Stay Fit,Yoga
47,187,54,Lose Weight,Cardio
35,173,103,Stay Fit,Strength Training
46,156,119,Gain Muscle,Swimming
31,160,108,Stay Fit,Bodybuilding
21,175,108,Lose Weight,Cardio
22,157,117,Stay Fit,Powerlifting
27,184,63,Lose Weight,Swimming
34,166,50,Gain Muscle,Swimming
46,188,64,Stay Fit,Swimming
19,165,74,Stay Fit,HIIT
21,157,110,Lose Weight,Running
